index,canonical_smiles
A01_E09_RT_BC_100_Lig_BC_245-0-0,Cn1cc(C2=C(c3cn(C4CCN(Cc5ccccn5)CC4)c4ccccc34)C(=O)NC2=O)c2ccccc21
A01_E09_RT_BC_100_Lig_BC_306-0-0,Cc1nc2ccc(CN(C)c3ccc(C(=O)NC(CCC(=O)O)C(=O)O)s3)cc2c(=O)[nH]1
A01_E09_RT_BC_101_Lig_BC_109-0-0,CS(C)=O
A01_E09_RT_BC_101_Lig_BC_229-0-0,Nc1cccc2c1CN(C1CCC(=O)NC1=O)C2=O
A01_E09_RT_BC_101_Lig_BC_280-0-0,CCCC(CCC)C(=O)O.CCCC(CCC)C(=O)[O-].[Na+]
A01_E09_RT_BC_101_Lig_BC_86-0-0,O=C(O)c1ccc(Nc2ncc3c(n2)-c2ccc(Cl)cc2C(c2c(F)cccc2F)=NC3)cc1
A01_E09_RT_BC_102_Lig_BC_215-0-0,O=C(CCCc1ccccc1)[O][Na]
A01_E09_RT_BC_102_Lig_BC_262-0-0,Cc1ccc(-c2cc(C(F)(F)F)nn2-c2ccc(S(N)(=O)=O)cc2)cc1
A01_E09_RT_BC_102_Lig_BC_265-0-0,Cc1ccc(F)c(NC(=O)Nc2ccc(-c3cccc4[nH]nc(N)c34)cc2)c1
A01_E09_RT_BC_102_Lig_BC_332-0-0,O=C1CCC(N2C(=O)c3ccccc3C2=O)C(=O)N1
A01_E09_RT_BC_102_Lig_BC_35-0-0,CS(=O)(=O)O.O=C(Nc1cccc(Cl)c1)Nc1ncc(CCNc2ncnc3ccsc23)s1
A01_E09_RT_BC_103_Lig_BC_162-0-0,Cc1sc2c(c1C)C(c1ccc(Cl)cc1)=N[C@@H](CC(=O)OC(C)(C)C)c1nnc(C)n1-2
A01_E09_RT_BC_103_Lig_BC_167-0-0,Cc1ccc(S(=O)(=O)OCC(=O)Nc2ccc(C(=O)O)c(O)c2)cc1
A01_E09_RT_BC_103_Lig_BC_236-0-0,Cc1cc(Nc2nc(N[C@@H](C)c3ncc(F)cn3)ncc2Cl)n[nH]1
A01_E09_RT_BC_103_Lig_BC_311-0-0,CS(=O)(=O)c1cccc(CNc2nc(Nc3ccc4c(c3)CCC(=O)N4)ncc2C(F)(F)F)c1
A01_E09_RT_BC_104_Lig_BC_375-0-0,CN1CCN(c2cccc(Nc3nc4c(-c5ccc(S(C)(=O)=O)cc5)cccn4n3)c2)CC1
A01_E09_RT_BC_104_Lig_BC_382-0-0,CN(C)Cc1ccc(S(=O)(=O)n2ccc(/C=C/C(=O)NO)c2)cc1
A01_E09_RT_BC_104_Lig_BC_96-0-0,COc1ccc2cc(-c3[nH]c(-c4ccc(S(C)=O)cc4)nc3-c3ccncc3)ccc2c1
A01_E09_RT_BC_105_Lig_BC_132-0-0,COC(=O)c1ccc2c(c1)NC(=O)/C2=C(\Nc1ccc(N(C)C(=O)CN2CCN(C)CC2)cc1)c1ccccc1
A01_E09_RT_BC_105_Lig_BC_257-0-0,COCCCc1sc(-c2ccccc2)nc1C(=O)Nc1ccccc1-c1nc2cc(CN3CCCC3)cnc2s1.Cl
A01_E09_RT_BC_106_Lig_BC_154-0-0,NC(=O)C(CCC(F)(F)F)N(Cc1ccc(-c2ncon2)cc1F)S(=O)(=O)c1ccc(Cl)cc1
A01_E09_RT_BC_108_Lig_BC_256-0-0,Cl.Cl.Cn1cc(CNCC2CCN(c3ncc(C(=O)NO)cn3)CC2)c2ccccc21
A01_E09_RT_BC_109_Lig_BC_189-0-0,Cn1cc(/C=C/C(=O)c2cccc(F)c2)cc1/C=C/C(=O)NO
A01_E09_RT_BC_109_Lig_BC_213-0-0,COC1CC2CCC(C)C(O)(O2)C(=O)C(=O)N2CCCCC2C(=O)OC(C(C)CC2CCC(OC(=O)C(C)(CO)CO)C(OC)C2)CC(=O)C(C)/C=C(\C)C(O)C(OC)C(=O)C(C)CC(C)/C=C/C=C/C=C/1C
A01_E09_RT_BC_109_Lig_BC_62-0-0,O=C(O)CNC(=O)c1c(O)c2ccccc2n(Cc2ccccc2)c1=O
A01_E09_RT_BC_10_Lig_BC_239-0-0,COc1cc(Nc2c(C#N)cnc3cc(OCCCN4CCN(C)CC4)c(OC)cc23)c(Cl)cc1Cl
A01_E09_RT_BC_10_Lig_BC_324-0-0,CNC(=O)c1cc(Oc2ccc(NC(=O)Nc3ccc(Cl)c(C(F)(F)F)c3)c(F)c2)ccn1
A01_E09_RT_BC_112_Lig_BC_206-0-0,CCN1CCN(C(=O)Cc2ccc(Nc3ncc(F)c(Nc4ccc(C(=O)Nc5ccccc5Cl)cc4)n3)cc2)CC1
A01_E09_RT_BC_114_Lig_BC_341-0-0,Cc1cc(Nc2cc(N3CCN(C)CC3)nc(/C=C/c3ccccc3)n2)n[nH]1
A01_E09_RT_BC_114_Lig_BC_47-0-0,COc1cc(/C=C/C(=O)/C=C(O)/C=C/c2ccc(O)c(OC)c2)ccc1O
A01_E09_RT_BC_115_Lig_BC_129-0-0,Cl.Cl.Fc1cc(-c2cccc3ncc(-c4cnn(C5CCNCC5)c4)nc23)cc(F)c1CN1CCOCC1
A01_E09_RT_BC_115_Lig_BC_52-0-0,Cc1cc(Nc2cc(N3CCN(C)CC3)nc(Sc3ccc(NC(=O)C4CC4)cc3)n2)n[nH]1
A01_E09_RT_BC_115_Lig_BC_54-0-0,C[C@]1(c2nc3c(C(N)=O)cccc3[nH]2)CCCN1
A01_E09_RT_BC_115_Lig_BC_90-0-0,CC(Oc1cc(-c2cnn(C3CCNCC3)c2)cnc1N)c1c(Cl)ccc(F)c1Cl
A01_E09_RT_BC_116_Lig_BC_180-0-0,Cc1[nH]c2ccccc2c1CCNCc1ccc(/C=C/C(=O)NO)cc1
A01_E09_RT_BC_116_Lig_BC_193-0-0,COC1/C=C\C=C(/C)C(=O)NC2=CC(=O)C(NCCN(C)C)=C(CC(C)CC(OC)C(O)C(C)/C=C(\C)C1OC(N)=O)C2=O.Cl
A01_E09_RT_BC_116_Lig_BC_215-0-0,CNC(=O)c1cc(Oc2ccc(NC(=O)Nc3ccc(Cl)c(C(F)(F)F)c3)cc2)ccn1.Cc1ccc(S(=O)(=O)O)cc1
A01_E09_RT_BC_118_Lig_BC_143-0-0,Cc1nnc(C(C)C)n1C1CC2CCC(C1)N2CCC(NC(=O)C1CCC(F)(F)CC1)c1ccccc1
A01_E09_RT_BC_119_Lig_BC_146-0-0,CCS(=O)(=O)N1CC(CC#N)(n2cc(-c3ncnc4[nH]ccc34)cn2)C1
A01_E09_RT_BC_119_Lig_BC_283-0-0,O=S(=O)([O-])CCS.[Na+]
A01_E09_RT_BC_119_Lig_BC_51-0-0,Cc1cnc(Nc2ccc(OCCN3CCCC3)cc2)nc1Nc1cccc(S(=O)(=O)NC(C)(C)C)c1
A01_E09_RT_BC_119_Lig_BC_60-0-0,CC(=O)Nc1cccc(-n2c(=O)n(C3CC3)c(=O)c3c(Nc4ccc(I)cc4F)n(C)c(=O)c(C)c32)c1
A01_E09_RT_BC_120_Lig_BC_323-0-0,CCC(CO)Nc1nc(NCc2ccccc2)c2ncn(C(C)C)c2n1
A01_E09_RT_BC_121_Lig_BC_111-0-0,N#CC[C@@H](C1CCCC1)n1cc(-c2ncnc3[nH]ccc23)cn1
A01_E09_RT_BC_121_Lig_BC_27-0-0,c1ccc2c(CCNc3ccc(Nc4ccncc4)cc3)c[nH]c2c1
A01_E09_RT_BC_122_Lig_BC_102-0-0,C[C@@H]1CCN(C(=O)CC#N)C[C@@H]1N(C)c1ncnc2[nH]ccc12.O=C(O)CC(O)(CC(=O)O)C(=O)O
A01_E09_RT_BC_122_Lig_BC_104-0-0,CCS(=O)(=O)Nc1ccc2c(c1)/C(=C(/Nc1ccc(CN3CCCCC3)cc1)c1ccccc1)C(=O)N2
A01_E09_RT_BC_122_Lig_BC_233-0-0,COc1cc2nc(N3CCCC3)nc(NCCCCCN3CCCC3)c2cc1OC
A01_E09_RT_BC_122_Lig_BC_373-0-0,Cc1cc(C(C)Nc2ccccc2)c2nc(N3CCOCC3)cc(=O)n2c1
A01_E09_RT_BC_122_Lig_BC_87-0-0,O=C(Nc1nc2cccc(-c3ccc(CN4CCS(=O)(=O)CC4)cc3)n2n1)C1CC1
A01_E09_RT_BC_123_Lig_BC_144-0-0,CS(=O)(=O)c1ccc(-c2nnc(/C=C/c3nnc(-c4ccc(C#N)cc4)o3)n2-c2ccccc2Cl)nc1
A01_E09_RT_BC_128_Lig_BC_107-0-0,COc1cc2ncnc(Nc3ccc(O)c(Br)c3)c2cc1OC
A01_E09_RT_BC_128_Lig_BC_154-0-0,CC1(C)OC2CC3C4CCC5=CC(=O)C=CC5(C)C4(F)C(O)CC3(C)C2(C(=O)CO)O1
A01_E09_RT_BC_128_Lig_BC_265-0-0,CCn1c(C(=O)N(C2CC2)C2CC2)cc2c3c(ncn3C)c(Nc3cc(C)n(C)n3)nc21
A01_E09_RT_BC_129_Lig_BC_15-0-0,CN1CCC(c2c(O)cc(O)c3c(=O)cc(-c4ccccc4Cl)oc23)C(O)C1.Cl
A01_E09_RT_BC_129_Lig_BC_162-0-0,N#CC[C@H](C1CCCC1)n1cc(-c2ncnc3[nH]ccc23)cn1
A01_E09_RT_BC_130_Lig_BC_244-0-0,Cc1nc(N)sc1-c1ccnc(Nc2ccc(N3CCOCC3)cc2)n1
A01_E09_RT_BC_131_Lig_BC_356-0-0,O=C(Nc1c[nH]nc1-c1nc2cc(CN3CCOCC3)ccc2[nH]1)NC1CC1
A01_E09_RT_BC_132_Lig_BC_52-0-0,CN(C)CC(=O)Nc1ccc2[nH]c(=O)c3ccccc3c2c1
A01_E09_RT_BC_133_Lig_BC_202-0-0,Cl.Cl.c1ccc([C@@H]2C[C@H]2NC2CCNCC2)cc1
A01_E09_RT_BC_133_Lig_BC_267-0-0,Cc1cc(Cl)ccc1OCCCC(=O)NO
A01_E09_RT_BC_133_Lig_BC_288-0-0,N#CCNC(=O)c1ccc(-c2ccnc(Nc3ccc(N4CCOCC4)cc3)n2)cc1
A01_E09_RT_BC_134_Lig_BC_93-0-0,Nc1ncn([C@@H]2O[C@H](CO)[C@@H](O)[C@H]2O)c(=O)n1
A01_E09_RT_BC_135_Lig_BC_63-0-0,Cc1nc(C(=O)NCC(=O)O)c(O)c2ccc(Oc3ccccc3)cc12
A01_E09_RT_BC_136_Lig_BC_214-0-0,COCCNCc1ccc(-c2cc3nccc(Oc4ccc(NC(=S)NC(=O)Cc5ccc(F)cc5)cc4F)c3s2)nc1
A01_E09_RT_BC_136_Lig_BC_372-0-0,O=C(/C=C/c1cccc(S(=O)(=O)Nc2ccccc2)c1)NO
A01_E09_RT_BC_137_Lig_BC_33-0-0,O=c1[nH]cc(F)c(=O)[nH]1
A01_E09_RT_BC_138_Lig_BC_185-0-0,CCCCOc1c(C(=O)c2c(F)cc(C)cc2F)cnc2[nH]ncc12
A01_E09_RT_BC_138_Lig_BC_252-0-0,Cl.O=S(=O)(c1cccc2cnccc12)N1CCCNCC1
A01_E09_RT_BC_138_Lig_BC_286-0-0,COC(=O)c1ccc2c(c1)nc(NC(=O)c1ccccc1)n2CCCc1ccccc1
A01_E09_RT_BC_138_Lig_BC_349-0-0,C[C@H](NC(=O)/C(C#N)=C/c1cccc(Br)n1)c1ccccc1
A01_E09_RT_BC_13_Lig_BC_294-0-0,CN(C)c1ccc(C(=O)NCCCCCCC(=O)NO)cc1
A01_E09_RT_BC_13_Lig_BC_87-0-0,Cc1cc(Nc2cc(CN3CCOCC3)c3nc(C)c(Cc4ccc(Cl)cc4F)n3n2)[nH]n1
A01_E09_RT_BC_141_Lig_BC_360-0-0,C#Cc1cccc(Nc2ncnc3cc(OC)c(OCCCCCCC(=O)NO)cc23)c1
A01_E09_RT_BC_143_Lig_BC_323-0-0,COc1cc(Nc2ncc3c(n2)-c2ccc(Cl)cc2C(c2c(F)cccc2OC)=NC3)ccc1C(=O)O
A01_E09_RT_BC_144_Lig_BC_64-0-0,CC(C)[C@H](C(=O)Nc1ccc(C(=O)NO)cc1)c1ccccc1
A01_E09_RT_BC_144_Lig_BC_89-0-0,COC1=CC(c2cc3ccccc3[nH]2)=N/C1=C\c1[nH]c(C)cc1C.CS(=O)(=O)O
A01_E09_RT_BC_145_Lig_BC_148-0-0,CN(C)CCOc1ccc(/C(=C(/CCCl)c2ccccc2)c2ccccc2)cc1.O=C(O)CC(O)(CC(=O)O)C(=O)O
A01_E09_RT_BC_145_Lig_BC_255-0-0,*.Cl.N[C@@H]1C[C@H]1c1ccccc1
A01_E09_RT_BC_146_Lig_BC_333-0-0,O=C(/C=C/c1ccc(CN(CCO)CCc2c[nH]c3ccccc23)cc1)NO
A01_E09_RT_BC_148_Lig_BC_309-0-0,C/C(=C\c1csc(C)n1)C1CC2OC2(C)CCCC(C)C(O)C(C)C(=O)C(C)(C)C(O)CC(=O)O1
A01_E09_RT_BC_14_Lig_BC_269-0-0,CN(C)Cc1c(C(=O)NCCOc2ccc(C(=O)NO)cc2)oc2ccccc12
A01_E09_RT_BC_14_Lig_BC_319-0-0,O=C(O)CCNc1cc(N2CCc3ccccc3CC2)nc(-c2ccccn2)n1
A01_E09_RT_BC_150_Lig_BC_205-0-0,NC(=O)C1CCCc2c1[nH]c1ccc(Cl)cc21
A01_E09_RT_BC_150_Lig_BC_307-0-0,CCCCCOC(=O)Nc1nc(=O)n(C2OC(C)C(O)C2O)cc1F
A01_E09_RT_BC_157_Lig_BC_207-0-0,O=c1oc2c(O)c(O)cc3c(=O)oc4c(O)c(O)cc1c4c23
A01_E09_RT_BC_157_Lig_BC_51-0-0,NC(=O)c1cccc(N)c1
A01_E09_RT_BC_157_Lig_BC_86-0-0,CN(N=O)C(=O)NC1C(O)OC(CO)C(O)C1O
A01_E09_RT_BC_158_Lig_BC_368-0-0,O=C(O)[C@H](Cc1c[nH]c2ccccc12)N1C(=O)c2ccccc2C1=O
A01_E09_RT_BC_158_Lig_BC_7-0-0,CC(=O)Nc1ccc(C(=O)Nc2ccccc2N)cc1
A01_E09_RT_BC_158_Lig_BC_88-0-0,CC1COc2c(N3CCN(C)CC3)c(F)cc3c(=O)c(C(=O)O)cn1c23
A01_E09_RT_BC_159_Lig_BC_166-0-0,COc1ccc(/C=C/C(=O)C2(C(=O)/C=C/c3ccc(OC)c(OC)c3)CCCCC2)cc1OC
A01_E09_RT_BC_159_Lig_BC_332-0-0,N#C/C(=C\c1ccc(O)c(O)c1)C(=O)NCc1ccccc1
A01_E09_RT_BC_15_Lig_BC_56-0-0,CN(C)c1nc(N(C)C)nc(N(C)C)n1
A01_E09_RT_BC_161_Lig_BC_284-0-0,CC(NC(=O)c1ccccc1/N=C/c1c(O)ccc2ccccc12)c1ccccc1
A01_E09_RT_BC_162_Lig_BC_102-0-0,O=C(c1ccc(/C=C/c2n[nH]c3ccccc23)cc1)N1CCNCC1
A01_E09_RT_BC_162_Lig_BC_13-0-0,CCCc1cc(C)[nH]c(=O)c1CNC(=O)c1cc(-c2ccc(N3CCN(C(C)C)CC3)nc2)cc2c1cnn2C(C)C
A01_E09_RT_BC_162_Lig_BC_197-0-0,COc1cc2c(NC3CCN(CC4CCCCC4)CC3)nc(N3CCCN(C(C)C)CC3)nc2cc1OCCCN1CCCCC1
A01_E09_RT_BC_162_Lig_BC_226-0-0,CS(=O)(=O)CCNCc1ccc(-c2ccc3ncnc(Nc4ccc(OCc5cccc(F)c5)c(Cl)c4)c3c2)o1.Cc1ccc(S(=O)(=O)O)cc1.Cc1ccc(S(=O)(=O)O)cc1
A01_E09_RT_BC_162_Lig_BC_87-0-0,O=C(O)[C@]1(Cc2cccc(Nc3nccs3)n2)CC[C@@H](Oc2cccc(Cl)c2F)CC1
A01_E09_RT_BC_163_Lig_BC_381-0-0,CCCC(CCC)C(=O)[O-].[Na+]
A01_E09_RT_BC_164_Lig_BC_207-0-0,Cc1c(NC(=O)OCC2COCCN2)cn2ncnc(Nc3ccc4c(cnn4Cc4cccc(F)c4)c3)c12
A01_E09_RT_BC_164_Lig_BC_282-0-0,CS(=O)(=O)O.Cn1cc(C2=C(c3cn(CCCSC(=N)N)c4ccccc34)C(=O)NC2=O)c2ccccc21
A01_E09_RT_BC_167_Lig_BC_196-0-0,CCN(c1cc(-c2ccc(CN3CCOCC3)cc2)cc(C(=O)NCc2c(C)cc(C)[nH]c2=O)c1C)C1CCOCC1
A01_E09_RT_BC_167_Lig_BC_295-0-0,COc1cc2c(Nc3ccc(NC(=O)c4ccccc4)cc3)ncnc2cc1OCCCN1CCOCC1
A01_E09_RT_BC_169_Lig_BC_303-0-0,Cc1noc(-c2ccc(CSCCC(=O)O)cc2)c1NC(=O)OC(C)c1ccccc1Cl
A01_E09_RT_BC_16_Lig_BC_374-0-0,Nc1ncn([C@H]2C[C@H](O)[C@@H](CO)O2)c(=O)n1
A01_E09_RT_BC_170_Lig_BC_90-0-0,CC1(C(=O)Nc2ccc(F)nc2)CCCN1c1nc(Nc2cc(C3CC3)[nH]n2)c2cccn2n1
A01_E09_RT_BC_171_Lig_BC_214-0-0,COc1cc2c(cc1O)CC[C@@H]1[C@@H]2CC[C@]2(C)[C@@H](O)CC[C@@H]12
A01_E09_RT_BC_171_Lig_BC_307-0-0,CC1(C)CCC(c2ccc(Cl)cc2)=C(CN2CCN(c3ccc(C(=O)NS(=O)(=O)c4ccc(N[C@H](CCN5CCOCC5)CSc5ccccc5)c(S(=O)(=O)C(F)(F)F)c4)cc3)CC2)C1
A01_E09_RT_BC_172_Lig_BC_328-0-0,Nc1ccccc1NC(=O)c1ccc(CNc2nccc(-c3cccnc3)n2)cc1
A01_E09_RT_BC_173_Lig_BC_242-0-0,CCCCc1nc2cc(/C=C/C(=O)NO)ccc2n1CCN(CC)CC
A01_E09_RT_BC_173_Lig_BC_321-0-0,CC(/C=C/C(=O)NO)=C\[C@@H](C)C(=O)c1ccc(N(C)C)cc1
A01_E09_RT_BC_174_Lig_BC_185-0-0,CN(C)CCC(CSc1ccccc1)Nc1ccc(S(=O)(=O)NC(=O)c2ccc(N3CCN(Cc4ccccc4-c4ccc(Cl)cc4)CC3)cc2)cc1[N+](=O)[O-]
A01_E09_RT_BC_174_Lig_BC_291-0-0,CC1(C)CNc2cc(NC(=O)c3cccnc3NCc3ccncc3)ccc21.O=P(O)(O)O.O=P(O)(O)O
A01_E09_RT_BC_176_Lig_BC_173-0-0,CNC(=NC#N)NCCSCc1nc[nH]c1C
A01_E09_RT_BC_176_Lig_BC_293-0-0,Oc1nc(-c2ccc(C(F)(F)F)cc2)nc2c1CSCC2
A01_E09_RT_BC_176_Lig_BC_349-0-0,Cc1cc(N2CCOCC2)cc2[nH]c(-c3c(NCC(O)c4cccc(Cl)c4)cc[nH]c3=O)nc12
A01_E09_RT_BC_177_Lig_BC_116-0-0,COc1cc2c(Nc3ccc(Br)cc3F)ncnc2cc1OCC1CCN(C)CC1
A01_E09_RT_BC_177_Lig_BC_64-0-0,S=c1nc[nH]c2nc[nH]c12
A01_E09_RT_BC_177_Lig_BC_78-0-0,O=c1c(O)c(-c2ccc(O)c(O)c2)oc2cc(O)cc(O)c12
A01_E09_RT_BC_178_Lig_BC_23-0-0,Cc1cnc(Nc2ccc(N3CCN(C)CC3)cc2)nc1Nc1cccc(S(=O)(=O)NC(C)(C)C)c1
A01_E09_RT_BC_179_Lig_BC_262-0-0,CCN1CCCC1CNC(=O)c1cc(S(=O)(=O)CC)c(N)cc1OC
A01_E09_RT_BC_180_Lig_BC_324-0-0,CCC1(c2ccc(N)cc2)CCC(=O)NC1=O
A01_E09_RT_BC_183_Lig_BC_196-0-0,CCN(CC)CCCCNc1ncc2cc(-c3cc(OC)cc(OC)c3)c(NC(=O)NC(C)(C)C)nc2n1
A01_E09_RT_BC_186_Lig_BC_41-0-0,Cc1cn(-c2cc(NC(=O)c3ccc(C)c(Nc4nccc(-c5cccnc5)n4)c3)cc(C(F)(F)F)c2)cn1
A01_E09_RT_BC_187_Lig_BC_287-0-0,O=NN(CCCl)C(=O)NC1CCCCC1
A01_E09_RT_BC_188_Lig_BC_291-0-0,N#C/C(=C(/N)Sc1ccc(N)cc1)c1ccccc1C(F)(F)F
A01_E09_RT_BC_18_Lig_BC_376-0-0,CNCc1ccc(-c2[nH]c3cc(F)cc4c3c2CCNC4=O)cc1.O=P(O)(O)O
A01_E09_RT_BC_190_Lig_BC_231-0-0,NC(=O)c1ncn([C@@H]2O[C@H](CO)[C@@H](O)[C@H]2O)c1N
A01_E09_RT_BC_194_Lig_BC_128-0-0,Nc1ccccc1NC(=O)c1ccc(CNC(=O)OCc2cccnc2)cc1
A01_E09_RT_BC_196_Lig_BC_224-0-0,Cc1cn([C@H]2O[C@@H](CO)[C@H](O)[C@H]2F)c(=O)[nH]c1=O
A01_E09_RT_BC_197_Lig_BC_113-0-0,CCN(CC)C(=O)/C(C#N)=C/c1cc(O)c(O)c([N+](=O)[O-])c1
A01_E09_RT_BC_197_Lig_BC_120-0-0,COc1cc2c(cc1OCCCN1CCCC1)N=C(N)C21CCC1
A01_E09_RT_BC_198_Lig_BC_54-0-0,N#Cc1ccnc(N2C(=O)CCC2C(=O)N(c2cncc(F)c2)C(C(=O)NC2CC(F)(F)C2)c2ccccc2Cl)c1
A01_E09_RT_BC_198_Lig_BC_69-0-0,COc1cccc(-c2cc(=O)c3ccccc3o2)c1N
A01_E09_RT_BC_199_Lig_BC_256-0-0,Cc1csc(-c2nnc(Nc3ccc(Oc4ncccc4-c4ccnc(N)n4)cc3)c3ccccc23)c1
A01_E09_RT_BC_201_Lig_BC_255-0-0,CS(=O)(=O)OCCCCOS(C)(=O)=O
A01_E09_RT_BC_201_Lig_BC_52-0-0,Cl.N=c1ccn2c(n1)OC1C(O)C(CO)OC12
A01_E09_RT_BC_206_Lig_BC_205-0-0,CO[C@@H](C(=O)N1Cc2[nH]nc(NC(=O)c3ccc(N4CCN(C)CC4)cc3)c2C1)c1ccccc1
A01_E09_RT_BC_208_Lig_BC_242-0-0,COc1cc2nccc(Oc3ccc(NC(=O)Nc4ccc(F)cc4F)c(F)c3)c2cc1OC
A01_E09_RT_BC_209_Lig_BC_36-0-0,CS(=O)(=O)c1ccc(-c2cnc(NCc3ccco3)n3cnnc23)cc1
A01_E09_RT_BC_210_Lig_BC_142-0-0,COc1cc(OC)c(/C=C/S(=O)(=O)Cc2ccc(OC)c(NCC(=O)[O-])c2)c(OC)c1.[Na+]
A01_E09_RT_BC_211_Lig_BC_87-0-0,COc1cccc2c1C(=O)c1c(O)c3c(c(O)c1C2=O)C[C@@](O)(C(=O)CO)C[C@@H]3O[C@H]1C[C@H](N)[C@H](O[C@@H]2CCCCO2)[C@H](C)O1
A01_E09_RT_BC_218_Lig_BC_175-0-0,O=c1ccc2ccc(O)c(O)c2o1
A01_E09_RT_BC_21_Lig_BC_249-0-0,CC12CCC3c4ccc(O)cc4CC(CCCCCCCCCS(=O)CCCC(F)(F)C(F)(F)F)C3C1CCC2O
A01_E09_RT_BC_224_Lig_BC_223-0-0,CCN(CCO)CCCOc1ccc2c(Nc3cc(CC(=O)Nc4cccc(F)c4)n[nH]3)ncnc2c1
A01_E09_RT_BC_228_Lig_BC_49-0-0,COc1ccc(-c2nc(N3CCOCC3)c3sc(CN(C)c4ncc(C(=O)NO)cn4)cc3n2)cn1
A01_E09_RT_BC_229_Lig_BC_143-0-0,Cl.O=C(Nc1ccccc1-c1cn2c(CN3CCNCC3)csc2n1)c1cnc2ccccc2n1
A01_E09_RT_BC_230_Lig_BC_87-0-0,CC(c1cc2ccccc2s1)N(O)C(N)=O
A01_E09_RT_BC_235_Lig_BC_250-0-0,COc1ccccc1S(=O)(=O)Nc1ccc2c(c1)CN(C)C(=O)N2
A01_E09_RT_BC_236_Lig_BC_2-0-0,Cc1nc(Nc2ncc(C(=O)Nc3c(C)cccc3Cl)s2)cc(N2CCN(CCO)CC2)n1
A01_E09_RT_BC_236_Lig_BC_233-0-0,CN(C)Cc1ccc(-c2nc3cccc4c3n2CCNC4=O)cc1
A01_E09_RT_BC_237_Lig_BC_319-0-0,CCS(=O)(=O)c1cccc(-c2cc(C(=O)NC3CCN(C)CC3)c(C)c3[nH]c4ncc(C)cc4c23)c1
A01_E09_RT_BC_239_Lig_BC_275-0-0,CC12C=CC(=O)C=C1CCC1C2C(=O)CC2(C)C1CCC2(O)C(=O)CO
A01_E09_RT_BC_243_Lig_BC_170-0-0,Nc1nc(Nc2ccc(S(N)(=O)=O)cc2)nn1C(=O)c1c(F)cccc1F
A01_E09_RT_BC_245_Lig_BC_211-0-0,CCN(CC)C(=S)SSC(=S)N(CC)CC
A01_E09_RT_BC_250_Lig_BC_139-0-0,CCn1cc(-c2ccnc3[nH]c(-c4cccc(CN(C)C)c4)cc23)c(-c2ccc(NC(=O)N(C)C)cc2)n1
A01_E09_RT_BC_251_Lig_BC_232-0-0,CC(C)(CNC(=O)c1cccc(-c2noc(C(F)(F)F)n2)c1)c1coc(-c2ccccc2)n1
A01_E09_RT_BC_25_Lig_BC_236-0-0,CCOc1cc2ncc(C#N)c(Nc3ccc(F)c(Cl)c3)c2cc1NC(=O)/C=C/CN(C)C
A01_E09_RT_BC_262_Lig_BC_188-0-0,Cc1cc(Nc2nc(N[C@@H](C)c3ccc(F)cc3)c(C#N)cc2F)n[nH]1
A01_E09_RT_BC_263_Lig_BC_265-0-0,CCCCCCCCCCCCCCCc1cccc(O)c1C(=O)O
A01_E09_RT_BC_264_Lig_BC_45-0-0,CN1CCc2c(c3ccccc3n2Cc2ccc(C(=O)NO)cc2)C1.Cl
A01_E09_RT_BC_268_Lig_BC_50-0-0,CC(=O)Nc1ccc(OCC(C)(O)C(=O)Nc2ccc([N+](=O)[O-])c(C(F)(F)F)c2)cc1
A01_E09_RT_BC_269_Lig_BC_354-0-0,CC1CC2C3CCC4=CC(=O)C=CC4(C)C3C(=O)CC2(C)C1(O)C(=O)CO
A01_E09_RT_BC_275_Lig_BC_86-0-0,CCNC(=O)c1noc(-c2cc(C(C)C)c(O)cc2O)c1-c1ccc(CN2CCOCC2)cc1
A01_E09_RT_BC_27_Lig_BC_160-0-0,COc1cc2c(Oc3ccc4[nH]c(C)cc4c3F)ncnc2cc1OCCCN1CCCC1
A01_E09_RT_BC_288_Lig_BC_338-0-0,CN1CCC(CNc2ccc3ncc(-c4cccc(OC(F)(F)F)c4)n3n2)CC1
A01_E09_RT_BC_297_Lig_BC_352-0-0,Oc1ccc(/C=C/c2cc(O)cc(O)c2)cc1
A01_E09_RT_BC_301_Lig_BC_244-0-0,C=C1C(=O)OC2/C=C(\C)CC/C=C(\C)CCC12
A01_E09_RT_BC_318_Lig_BC_209-0-0,Cc1nc(-c2cccnc2)sc1C(=O)Nc1ccccc1-c1cn2c(CN3CCOCC3)csc2n1
A01_E09_RT_BC_340_Lig_BC_218-0-0,C=CCNC1=C2CC(C)CC(OC)C(O)C(C)/C=C(\C)C(OC(N)=O)C(OC)/C=C\C=C(/C)C(=O)NC(=CC1=O)C2=O
A01_E09_RT_BC_343_Lig_BC_350-0-0,O=C(O)CCC1CCC(c2cc(F)ccc2F)(S(=O)(=O)c2ccc(Cl)cc2)CC1
A01_E09_RT_BC_350_Lig_BC_172-0-0,CCCCCCNC(=O)n1cc(F)c(=O)[nH]c1=O
A01_E09_RT_BC_365_Lig_BC_106-0-0,CCS(=O)(=O)N1CCN(c2ccc(Nc3ncc(C(N)=O)c(NC4CC4)n3)cc2)CC1.Cl
A01_E09_RT_BC_369_Lig_BC_294-0-0,O=C(Nc1cccnc1)N1CCC(Cc2cccc(Oc3ccc(C(F)(F)F)cn3)c2)CC1
A01_E09_RT_BC_372_Lig_BC_152-0-0,O=C(c1ccc(Cl)cc1Cl)n1nnc2ccccc21
A01_E09_RT_BC_380_Lig_BC_355-0-0,NCCCC(O)(P(=O)(O)O)P(=O)(O)[O][Na].O.O.O
A01_E09_RT_BC_381_Lig_BC_173-0-0,CCN(CC)Cc1ccc2cc(COC(=O)Nc3ccc(C(=O)NO)cc3)ccc2c1.Cl.O
A01_E09_RT_BC_3_Lig_BC_370-0-0,NC(=O)c1ccc(-c2nc(-c3ccc4c(c3)OCO4)c(-c3ccccn3)[nH]2)cc1
A01_E09_RT_BC_49_Lig_BC_275-0-0,COCCn1c2c([n+](Cc3cnccn3)c1C)C(=O)c1ccccc1C2=O.[Br-]
A01_E09_RT_BC_4_Lig_BC_240-0-0,CCC(=O)NCCC1CCc2ccc3c(c21)CCO3
A01_E09_RT_BC_82_Lig_BC_297-0-0,NC(=O)c1ccc(I)c([N+](=O)[O-])c1
A01_F10_RT_BC_148_Lig_BC_199-0-0,Nc1ccc(F)cc1NC(=O)c1ccc(CNC(=O)/C=C/c2cccnc2)cc1
A01_F10_RT_BC_179_Lig_BC_369-0-0,COc1ccc(Cn2ccc3ccc(C(=O)NO)cc32)cc1
A01_F10_RT_BC_17_Lig_BC_66-0-0,C/C(=C\c1csc(C)n1)C1CC2OC2CCCC(C)C(O)C(C)C(=O)C(C)(C)C(O)CC(=O)O1
A01_F10_RT_BC_267_Lig_BC_143-0-0,S=P(N1CC1)(N1CC1)N1CC1
A02_E09_RT_BC_148_Lig_BC_180-0-0,CCc1cccc(CC)c1NC(=O)N1Cc2[nH]nc(NC(=O)c3ccc(N4CCN(C)CC4)cc3)c2C1
